 [ 
  {
    "setOAuthConsumerKey": "xjWRFm4TIBZkvIwo1QzAoQ",
    "setOAuthConsumerSecret": "4Xv2Vitc9FYGliwxdDv0g09YdIuK17JrCaQ3WZg",
    "setOAuthAccessToken":"1272243708-d79qx8KCGqvt54woj6N6yKd1csctlz3ukyg4sQx",
    "setOAuthAccessTokenSecret":"w9jc2LLrrFZFzMspcN7Ms3s7a7tvNKff3oLb6KCNhUbnI"
  },
  {
    "setOAuthConsumerKey": "Pbi0uLWNe1fIEZLUGKTwqA",
    "setOAuthConsumerSecret": "LWf4225LihNfBUEplzkEMXcoqsG5XP3sjOJpavwahqc",
    "setOAuthAccessToken":"1272243708-S0bIRKBCfwzEwdc1FY8EMZFPsbtcwj4kz400wyV",
    "setOAuthAccessTokenSecret":"0Dw1q4CjoJym3GlccCBdmoaRpBfvOTVfIryWVjqX51pWv"
  },
    {
    "setOAuthConsumerKey": "bHAfupgNYRVoSC27eHRqg",
    "setOAuthConsumerSecret": "GgxgSLDO8Rqaoctl2cPlPct95dNtq31rPF8HHNmi9g",
    "setOAuthAccessToken":"1272243708-zVoQBEQPJZpPuuzzq6nhhiVfveo8VaxzSaVLpJj",
    "setOAuthAccessTokenSecret":"VcwmL284xm80uZHIYUarkWRmsqyFM2WWsX8qdm1qoQpAe"
  },
    {
    "setOAuthConsumerKey": "OCcLWPEQYaoaaD15kjEbXA",
    "setOAuthConsumerSecret": "2euNnwnnKeQvIfPHQyrMNXt0JSzZvBsJrQmaeR9viRE",
    "setOAuthAccessToken":"1272243708-6Euepvz2PURQrA4Geq5j0LyzOkewqhjjXfyPFeH",
    "setOAuthAccessTokenSecret":"xvnbWr82YNAdIybCi0ucvmm0BLIv8Em3hu3N4GOC0w4"
  },
  {
    "setOAuthConsumerKey": "34sJKGiU71xaVBVeutDA",
    "setOAuthConsumerSecret": "sMGrXuf2zbhS29cEV9HYHDeNoU45aoGWcw1t2JbJMMk",
    "setOAuthAccessToken":"1272243708-woC2NKzPErcj9CAsUGURNOmS9OL4ISdFI9hyQmh",
    "setOAuthAccessTokenSecret":"D846JFR6nH9v13icgBcLfyNCUVWg53R9jhWwjmwuBU"
  },
]