[
  {
    "message": "condensé d'experiences by  @Atelier130Paris",
    "userName": "Condensed"
  },
  {
    "message": "en mode @Atelier130Paris : art+shopping+expo ",
    "userName": "Condensed"
  },
  {
    "message": "well done @Atelier130Paris ",
    "userName": "Condensed"
  },
  {
    "message": "@BonjourLab défonce tout",
    "userName": "Condensed"
  },
  {
    "message": "tweet your face ",
    "userName": "Condensed"
  },
  {
    "message": "May the tweet be with you ",
    "userName": "Condensed"
  },
  {
    "message": "nouveaux artistes, nouveaux concept-store, nouveau condensed",
    "userName": "Condensed"
  },
  {
    "message": "Tweet me if you can",
    "userName": "Condensed"
  }
]